first_name,last_name,email,phone_number,gender,age
John,Doe,john.doe@email.com,555-123-4567,Male,34
Jane,Smith,jane.smith_at_email.com,,Female,28
Michael,Johnson,michael.johnson@email.com,555-555-1212,male,45
Emily,Williams,emily.williams@email.com,555-222-3344,female,21
William,Brown,william.brown@email.com,555-444-5566,male,56
Olivia,Jones,olivia.jones@email.com,1-800-CALL-NOW,Female,31
James,Garcia,james.garcia@email.com,555-111-2233,Male,42
Ava,Miller," ava.miller@email.com",555-333-4455,Female,25
Robert,Davis,robert.davis@email.com,555-888-9900,Male,67
Sophia,Rodriguez,sophia.rodriguez@email.com,555-666-7788,Female,-5
,Lopez,joseph.lopez@email.com,555-456-7890,Male,48
Mia,Gonzalez,mia.gonzalez@email.com,,unknown,30
Daniel,Wilson,daniel.wilson@email.com,555-321-4567,Male,61
Charlotte,Perez,charlotte.perez@email.com,555-765-4321,Female,29
Matthew,Taylor,matthew.taylor@email.com,555-876-5432,male,36
Amelia,Moore,amelia.moore@email.com,555-234-5678,Female,22
Christopher,Anderson,christopher.anderson@email.com,555-654-3210,Male,53
Evelyn,Thomas,,555-345-6789,Female,41
Andrew,Jackson,andrew.jackson@email.com,555-567-8901,Male,38
Abigail,White,abigail.white@email.com,555-890-1234,female,27
Joshua,Harris,joshua.harris_at_email.com,555-121-2121,Male,49
Harper,Martin,harper.martin@email.com,555-343-4343,Female,20
Ryan,Thompson,ryan.thompson@email.com,555-565-6565,Male,55
Ella,Garcia,ella.garcia@email.com,555-787-8787,Female,33
Jason,Robinson,jason.robinson@email.com,555-909-0909,Male,60
Grace,Clark,grace.clark@email.com,555-101-0101,Female,37
Jacob,Rodriguez,jacob.rodriguez@email.com,555-232-3232,Male,44
Madison,Lewis,madison.lewis@email.com,555-454-5454,Female,26
Brandon,Lee,brandon.lee@email.com,555-676-7676,Male,51
Scarlett,Walker,scarlett.walker@email.com,555-898-9898,female,32
Samuel,Hall,samuel.hall@email.com,555-010-1010,Male,46
Chloe,Allen,chloe.allen@email.com,555-131-3131,Female,24
Tyler,Young,tyler.young@email.com,555-252-5252,Male,58
Lily,King,lily.king@email.com,555-373-7373,Female,35
Benjamin,Wright,benjamin.wright@email.com,555-494-9494,Male,63
Zoe,Scott,zoe.scott@email.com,555-616-1616,Female,40
Alexander,Green,alexander.green@email.com,555-737-3737,Male,52
Penelope,Adams,penelope.adams@email.com,555-858-5858,Female,39
Nicholas,Hill,nicholas.hill@email.com,555-979-7979,Male,47
Addison,Baker,addison.baker@email.com,555-191-9191,Female,28
Ethan,Nelson,ethan.nelson@email.com,555-202-0202,Male,54
Luna,Carter,luna.carter@email.com,555-313-1313,Female,20
Mason,Mitchell,mason.mitchell@email.com,555-424-2424,Male,66
Aurora,Perez,aurora.perez@email.com,555-535-3535,Female,31
Liam,Roberts,liam.roberts@email.com,555-646-4646,Male,43
Hannah,Turner,hannah.turner@email.com,555-757-5757,Female,25
Sebastian,Phillips,sebastian.phillips@email.com,555-868-6868,Male,59
Eleanor,Campbell,eleanor.campbell@email.com,555-979-7979,Female,30
Caleb,Parker,caleb.parker@email.com,555-080-8080,Male,45
Sofia,Evans,sofia.evans@email.com,555-191-9191,Female,21
Owen,Edwards,owen.edwards@email.com,555-202-0202,Male,57
Riley,Collins,riley.collins@email.com,555-313-1313,Female,33
Hunter,Stewart,hunter.stewart@email.com,555-424-2424,Male,62
Leah,Morris,leah.morris@email.com,555-535-3535,Female,24
Luke,Cook,luke.cook@email.com,555-646-4646,Male,50
Stella,Rivera,stella.rivera@email.com,555-757-5757,Female,36
Wyatt,Morgan,wyatt.morgan@email.com,555-868-6868,Male,41
Layla,Peterson,layla.peterson@email.com,555-979-7979,Female,29
Henry,Cooper,henry.cooper@email.com,555-080-8080,Male,48
Claire,Reed,claire.reed@email.com,555-191-9191,Female,26
Julian,Bailey,julian.bailey@email.com,555-202-0202,Male,65
Skylar,Bell,skylar.bell@email.com,555-313-1313,Female,38
Aaron,Cox,aaron.cox@email.com,555-424-424,Male,54
Victoria,Howard,victoria.howard@email.com,555-535-3535,Female,27
Levi,Ward,levi.ward@email.com,555-646-4646,Male,49
Chloe,Torres,chloe.torres@email.com,555-757-5757,Female,32
Isaiah,Flores,isaiah.flores@email.com,555-868-6868,Male,55
Sarah,Diaz,sarah.diaz@email.com,555-979-7979,Female,23
Nolan,Mitchell,nolan.mitchell@email.com,555-080-8080,Male,60
Madeline,Ross,madeline.ross@email.com,555-191-9191,Female,34
Gabriel,Price,gabriel.price@email.com,555-202-0202,Male,46
Aria,Long,aria.long@email.com,555-313-1313,Female,22
Lincoln,Foster,lincoln.foster@email.com,555-424-2424,Male,58
Jasmine,Simmons,jasmine.simmons_at_email.com,555-535-3535,Female,37
Christian,Russell,christian.russell@email.com,555-646-4646,Male,44
Hailey,Perry,hailey.perry@email.com,555-757-5757,Female,30
Dylan,Patterson,dylan.patterson@email.com,555-868-6868,Male,51
Aubrey,Powell,aubrey.powell@email.com,555-979-7979,Female,28
Isaac,Barnes,isaac.Barnes@email.com,555-080-8080,Male,67
Grace,Washington,grace.washington@email.com,555-191-9191,Female,39
Elijah,Gonzales,elijah.gonzales@email.com,555-202-0202,Male,53
Kayla,Butler,kayla.butler@email.com,555-313-1313,Female,25
Leo,Fisher,leo.fisher@email.com,555-424-2424,Male,48
Brooklyn,Jenkins,brooklyn.jenkins@email.com,555-535-3535,Female,31
Miles,Henderson,miles.henderson@email.com,555-646-4646,Male,63
Savannah,Coleman,savannah.coleman@email.com,555-757-5757,Female,29
Jack,Rogers,jack.rogers@email.com,555-868-6868,Male,47
Audrey,Flores,audrey.flores@email.com,555-979-7979,Female,35
Cameron,Hughes,cameron.hughes@email.com,555-080-8080,Male,56
Gabriella,Hayes,gabriella.hayes@email.com,555-191-9191,Female,20
Tristan,Barnes,tristan.barnes@email.com,555-202-0202,Male,42
Alyssa,James,alyssa.james@email.com,555-313-1313,Female,27
Cole,Perez,cole.perez@email.com,555-424-2424,Male,59
Samantha,Stewart,samantha.stewart@email.com,555-535-3535,Female,33
Carter,Bell,carter.bell@email.com,555-646-4646,Male,50
Allison,Cook,allison.cook@email.com,555-757-5757,Female,24
Easton,Phillips,easton.phillips@email.com,555-868-6868,Male,61
Caroline,Morris,caroline.morris@email.com,555-979-7979,Female,36
Hudson,Reed,hudson.reed@email.com,555-080-8080,Male,45
Bella,Morgan,bella.morgan@email.com,555-191-9191,Female,29
Dominic,Cooper,dominic.cooper@email.com,555-202-0202,Male,54
Genesis,Evans,genesis.evans@email.com,555-313-1313,Female,38
Julian,Jackson,Julian.jackson@email.com,555-424-2424,Male,49
Kaylee,Garcia,kaylee.garcia@email.com,555-535-3535,Female,26
Adrian,Robinson,adrian.robinson@email.com,555-646-4646,Male,52
Nevaeh,Turner,nevaeh.turner@email.com,555-757-5757,Female,30
Connor,Davis,connor.davis@email.com,555-868-6868,Male,41
Willow,Martinez,willow.martinez@email.com,555-979-7979,Female,22
Gavin,Moore,gavin.Moore@email.com,555-080-8080,Male,57
Lillian,Ross,lillian.ross@email.com,555-191-9191,Female,34
Josiah,Price,josiah.price@email.com,555-202-0202,Male,46
Anna,Long,anna.long@email.com,555-313-1313,Female,22
Isaac,Foster,isaac.foster@email.com,555-424-2424,Male,58
Julia,Simmons,julia.simmons@email.com,555-535-3535,Female,37
Christian,Russell,christian.russell@email.com,555-646-4646,Male,44
Sarah,Perry,sarah.perry@email.com,555-757-5757,Female,30
Logan,Patterson,logan.patterson@email.com,555-868-6868,Male,51
Hannah,Powell,hannah.powell@email.com,555-979-7979,Female,28
Caleb,Barnes,caleb.barnes@email.com,555-080-8080,Male,67
Grace,Washington,grace.washington@email.com,555-191-9191,Female,39
Elijah,Gonzales,elijah.gonzales@email.com,555-202-0202,Male,53
Kayla,Butler,kayla.butler@email.com,555-313-1313,Female,25
Leo,Fisher,leo.fisher@email.com,555-424-2424,Male,48
Brooklyn,Jenkins,brooklyn.jenkins@email.com,555-535-3535,Female,31
Miles,Henderson,miles.henderson@email.com,555-646-4646,Male,63
Savannah,Coleman,savannah.coleman@email.com,555-757-5757,Female,29
Jack,Rogers,jack.rogers@email.com,555-868-6868,Male,47
Audrey,Flores,audrey.flores@email.com,555-979-7979,Female,35
Cameron,Hughes,cameron.hughes@email.com,555-080-8080,Male,56
Gabriella,Hayes,gabriella.hayes@email.com,555-191-9191,Female,20
Tristan,Barnes,tristan.barnes@email.com,555-202-0202,Male,42
Alyssa,James,alyssa.james@email.com,555-313-1313,Female,27
Cole,Perez,cole.perez@email.com,555-424-2424,Male,59
Samantha,Stewart,samantha.stewart@email.com,555-535-3535,Female,33
Carter,Bell,carter.bell@email.com,555-646-4646,Male,50
Allison,Cook,allison.cook@email.com,555-757-5757,Female,24
Easton,Phillips,easton.phillips@email.com,555-868-6868,Male,61
Caroline,Morris,caroline.morris@email.com,555-979-7979,Female,36
Hudson,Reed,hudson.reed@email.com,555-080-8080,Male,45
Bella,Morgan,bella.morgan@email.com,555-191-9191,Female,29
Dominic,Cooper,dominic.cooper@email.com,555-202-0202,Male,54
Genesis,Evans,genesis.evans@email.com,555-313-1313,Female,38
Julian,Jackson,julian.jackson@email.com,555-424-2424,Male,49
Kaylee,Garcia,kaylee.garcia@email.com,555-535-3535,Female,26
Adrian,Robinson,adrian.robinson@email.com,555-646-4646,Male,52
Nevaeh,Turner,nevaeh.turrner@email.com,555-757-5757,Female,30
Connor,Davis,connor.davis@email.com,555-868-6868,Male,41
Willow,Martinez,willow.martinez@email.com,555-979-7979,Female,22
Gavin,Moore,gavin.Moore@email.com,555-080-8080,Male,57
Lillian,Ross,lillian.ross@email.com,555-191-9191,Female,34
Josiah,Price,josiah.price@email.com,555-202-0202,Male,46
Anna,Long,anna.long@email.com,555-313-1313,Female,22
Isaac,Foster,isaac.foster@email.com,555-424-2424,Male,58
Julia,Simmons,julia.simmons@email.com,555-535-3535,Female,37
Christian,Russell,christian.russell@email.com,555-646-4646,Male,44
Sarah,Perry,sarah.perry@email.com,555-757-5757,Female,30
Logan,Patterson,logan.patterson@email.com,555-868-6868,Male,51
Hannah,Powell,hannah.powell@email.com,555-979-7979,Female,28
Caleb,Barnes,caleb.barnes@email.com,555-080-8080,Male,67
Grace,Washington,grace.washington@email.com,555-191-9191,Female,39
Elijah,Gonzales,elijah.gonzales@email.com,555-202-0202,Male,53
Kayla,Butler,kayla.butler@email.com,555-313-1313,Female,25
Leo,Fisher,leo.fisher@email.com,555-424-2424,Male,48
Brooklyn,Jenkins,brooklyn.jenkins@email.com,555-535-3535,Female,31
Miles,Henderson,miles.henderson@email.com,555-646-4646,Male,63
Savannah,Coleman,savannah.coleman@email.com,555-757-5757,Female,29
Jack,Rogers,jack.rogers@email.com,555-868-6868,Male,47
Audrey,Flores,audrey.flores@email.com,555-979-7979,Female,35
Cameron,Hughes,cameron.hughes@email.com,555-080-8080,Male,56
Gabriella,Hayes,gabriella.hayes@email.com,555-191-9191,Female,20
Tristan,Barnes,tristan.barnes@email.com,555-202-0202,Male,42
Alyssa,James,alyssa.james@email.com,555-313-1313,Female,27
Cole,Perez,cole.perez@email.com,555-424-2424,Male,59
Samantha,Stewart,samantha.stewart@email.com,555-535-3535,Female,33
Carter,Bell,carter.bell@email.com,555-646-4646,Male,50
Allison,Cook,allison.cook@email.com,555-757-5757,Female,24
Easton,Phillips,easton.phillips@email.com,555-868-6868,Male,61
Caroline,Morris,caroline.morris@email.com,555-979-7979,Female,36
Hudson,Reed,hudson.reed@email.com,555-080-8080,Male,45
Bella,Morgan,bella.morgan@email.com,555-191-9191,Female,29
Dominic,Cooper,dominic.cooper@email.com,555-202-0202,Male,54
Genesis,Evans,genesis.evans@email.com,555-313-1313,Female,38
Julian,Jackson,julian.jackson@email.com,555-424-2424,Male,49
Kaylee,Garcia,kaylee.garcia@email.com,555-535-3535,Female,26
Adrian,Robinson,adrian.robinson@email.com,555-646-4646,Male,52
Nevaeh,Turner,nevaeh.turner@email.com,555-757-5757,Female,30
Connor,Davis,connor.davis@email.com,555-868-6868,Male,41
Willow,Martinez,willow.martinez@email.com,555-979-7979,Female,22
Gavin,Moore,gavin.Moore@email.com,555-080-8080,Male,57
Lillian,Ross,lillian.ross@email.com,555-191-9191,Female,34
Josiah,Price,josiah.price@email.com,555-202-0202,Male,46
Anna,Long,anna.long@email.com,555-313-1313,Female,22
Isaac,Foster,isaac.foster@email.com,555-424-2424,Male,58
Julia,Simmons,julia.simmons@email.com,555-535-3535,Female,37
Christian,Russell,christian.russell@email.com,555-646-4646,Male,44
Sarah,Perry,sarah.perry@email.com,555-757-5757,Female,30
Logan,Patterson,logan.patterson@email.com,555-868-6868,Male,51
Hannah,Powell,hannah.powell@email.com,555-979-7979,Female,28
Caleb,Barnes,caleb.barnes@email.com,555-080-8080,Male,67
Grace,Washington,grace.washington@email.com,555-191-9191,Female,39
Elijah,Gonzales,elijah.gonzales@email.com,555-202-0202,Male,53
Kayla,Butler,kayla.butler@email.com,555-313-1313,Female,25
Leo,Fisher,leo.fisher@email.com,555-424-2424,Male,48
Brooklyn,Jenkins,brooklyn.jenkins@email.com,555-535-3535,Female,31
Miles,Henderson,miles.henderson@email.com,555-646-4646,Male,63
Savannah,Coleman,savannah.coleman@email.com,555-757-5757,Female,29
Jack,Rogers,jack.rogers@email.com,555-868-6868,Male,47
Audrey,Flores,audrey.flores@email.com,555-979-7979,Female,35
Cameron,Hughes,cameron.hughes@email.com,555-080-8080,Male,56
Gabriella,Hayes,gabriella.hayes@email.com,555-191-9191,Female,20
Tristan,Barnes,tristan.barnes@email.com,555-202-0202,Male,42
Alyssa,James,alyssa.james@email.com,555-313-1313,Female,27
Cole,Perez,cole.perez@email.com,555-424-2424,Male,59
Samantha,Stewart,samantha.stewart@email.com,555-535-3535,Female,33
Carter,Bell,carter.bell@email.com,555-646-4646,Male,50
Allison,Cook,allison.cook@email.com,555-757-5757,Female,24
Easton,Phillips,easton.phillips@email.com,555-868-6868,Male,61
Caroline,Morris,caroline.morris@email.com,555-979-7979,Female,36
Hudson,Reed,hudson.reed@email.com,555-080-8080,Male,45
Bella,Morgan,bella.morgan@email.com,555-191-9191,Female,29
Dominic,Cooper,dominic.cooper@email.com,555-202-0202,Male,54
Genesis,Evans,genesis.evans@email.com,555-313-1313,Female,38
Julian,Jackson,julian.jackson@email.com,555-424-2424,Male,49
Kaylee,Garcia,kaylee.garcia@email.com,555-535-3535,Female,26
Adrian,Robinson,adrian.robinson@email.com,555-646-4646,Male,52
Nevaeh,Turner,nevaeh.turner@email.com,555-757-5757,Female,30
Connor,Davis,connor.davis@email.com,555-868-6868,Male,41
Willow,Martinez,willow.martinez@email.com,555-979-7979,Female,22
Gavin,Moore,gavin.Moore@email.com,555-080-8080,Male,57
Lillian,Ross,lillian.ross@email.com,555-191-9191,Female,34
Josiah,Price,josiah.price@email.com,555-202-0202,Male,46
Anna,Long,anna.long@email.com,555-313-1313,Female,22
Isaac,Foster,isaac.foster@email.com,555-424-2424,Male,58
Julia,Simmons,julia.simmons@email.com,555-535-3535,Female,37
Christian,Russell,christian.russell@email.com,555-646-4646,Male,44
Sarah,Perry,sarah.perry@email.com,555-757-5757,Female,30
Logan,Patterson,logan.patterson@email.com,555-868-6868,Male,51
Hannah,Powell,hannah.powell@email.com,555-979-7979,Female,28
Caleb,Barnes,caleb.barnes@email.com,555-080-8080,Male,67
Grace,Washington,grace.washington@email.com,555-191-9191,Female,39
Elijah,Gonzales,elijah.gonzales@email.com,555-202-0202,Male,53
Kayla,Butler,kayla.butler@email.com,555-313-1313,Female,25
Leo,Fisher,leo.fisher@email.com,555-424-2424,Male,48
Brooklyn,Jenkins,brooklyn.jenkins@email.com,555-535-3535,Female,31
Miles,Henderson,miles.henderson@email.com,555-646-4646,Male,63
Savannah,Coleman,savannah.coleman@email.com,555-757-5757,Female,29
Jack,Rogers,jack.rogers@email.com,555-868-6868,Male,47
Audrey,Flores,audrey.flores@email.com,555-979-7979,Female,35
Cameron,Hughes,cameron.hughes@email.com,555-080-8080,Male,56
Gabriella,Hayes,gabriella.hayes@email.com,555-191-9191,Female,20
Tristan,Barnes,tristan.barnes@email.com,555-202-0202,Male,42
Alyssa,James,alyssa.james@email.com,555-313-1313,Female,27
Cole,Perez,cole.perez@email.com,555-424-2424,Male,59
Samantha,Stewart,samantha.stewart@email.com,555-535-3535,Female,33
Carter,Bell,carter.bell@email.com,555-646-4646,Male,50
Allison,Cook,allison.cook@email.com,555-757-5757,Female,24
Easton,Phillips,easton.phillips@email.com,555-868-6868,Male,61
Caroline,Morris,caroline.morris@email.com,555-979-7979,Female,36
Hudson,Reed,hudson.reed@email.com,555-080-8080,Male,45
Bella,Morgan,bella.morgan@email.com,555-191-9191,Female,29
Dominic,Cooper,dominic.cooper@email.com,555-202-0202,Male,54
Genesis,Evans,genesis.evans@email.com,555-313-1313,Female,38
Julian,Jackson,julian.jackson@email.com,555-424-2424,Male,49
Kaylee,Garcia,kaylee.garcia@email.com,555-535-3535,Female,26
Adrian,Robinson,adrian.robinson@email.com,555-646-4646,Male,52
Nevaeh,Turner,nevaeh.turner@email.com,555-757-5757,Female,30
Connor,Davis,connor.davis@email.com,555-868-6868,Male,41
Willow,Martinez,willow.martinez@email.com,555-979-7979,Female,22
Gavin,Moore,gavin.Moore@email.com,555-080-8080,Male,57
Lillian,Ross,lillian.ross@email.com,555-191-9191,Female,34
Josiah,Price,josiah.price@email.com,555-202-0202,Male,46
Anna,Long,anna.long@email.com,555-313-1313,Female,22
Isaac,Foster,isaac.foster@email.com,555-424-2424,Male,58
Julia,Simmons,julia.simmons@email.com,555-535-3535,Female,37
Christian,Russell,christian.russell@email.com,555-646-4646,Male,44
Sarah,Perry,sarah.perry@email.com,555-757-5757,Female,30
Logan,Patterson,logan.patterson@email.com,555-868-6868,Male,51
Hannah,Powell,hannah.powell@email.com,555-979-7979,Female,28
Caleb,Barnes,caleb.barnes@email.com,555-080-8080,Male,67
Grace,Washington,grace.washington@email.com,555-191-9191,Female,39
Elijah,Gonzales,elijah.gonzales@email.com,555-202-0202,Male,53
Kayla,Butler,kayla.butler@email.com,555-313-1313,Female,25
Leo,Fisher,leo.fisher@email.com,555-424-2424,Male,48
Brooklyn,Jenkins,brooklyn.jenkins@email.com,555-535-3535,Female,31
Miles,Henderson,miles.henderson@email.com,555-646-4646,Male,63
Savannah,Coleman,savannah.coleman@email.com,555-757-5757,Female,29
Jack,Rogers,jack.rogers@email.com,555-868-6868,Male,47
Audrey,Flores,audrey.flores@email.com,555-979-7979,Female,35
Cameron,Hughes,cameron.hughes@email.com,555-080-8080,Male,56
Gabriella,Hayes,gabriella.hayes@email.com,555-191-9191,Female,20
Tristan,Barnes,tristan.barnes@email.com,555-202-0202,Male,42
Alyssa,James,alyssa.james@email.com,555-313-1313,Female,27
Cole,Perez,cole.perez@email.com,555-424-2424,Male,59
Samantha,Stewart,samantha.stewart@email.com,555-535-3535,Female,33
Carter,Bell,carter.bell@email.com,555-646-4646,Male,50
Allison,Cook,allison.cook@email.com,555-757-5757,Female,24
Easton,Phillips,easton.phillips@email.com,555-868-6868,Male,61
Caroline,Morris,caroline.morris@email.com,555-979-7979,Female,36
Hudson,Reed,hudson.reed@email.com,555-080-8080,Male,45
Bella,Morgan,bella.morgan@email.com,555-191-9191,Female,29
Dominic,Cooper,dominic.cooper@email.com,555-202-0202,Male,54
Genesis,Evans,genesis.evans@email.com,555-313-1313,Female,38
Julian,Jackson,julian.jackson@email.com,555-424-2424,Male,49
Kaylee,Garcia,kaylee.garcia@email.com,555-535-3535,Female,26
Adrian,Robinson,adrian.robinson@email.com,555-646-4646,Male,52
Nevaeh,Turner,nevaeh.turner@email.com,555-757-5757,Female,30
Connor,Davis,connor.davis@email.com,555-868-6868,Male,41
Willow,Martinez,willow.martinez@email.com,555-979-7979,Female,22
Gavin,Moore,gavin.Moore@email.com,555-080-8080,Male,57
Lillian,Ross,lillian.ross@email.com,555-191-9191,Female,34
Josiah,Price,josiah.price@email.com,555-202-0202,Male,46
Anna,Long,anna.long@email.com,555-313-1313,Female,22
Isaac,Foster,isaac.foster@email.com,555-424-2424,Male,58
Julia,Simmons,julia.simmons@email.com,555-535-3535,Female,37
Christian,Russell,christian.russell@email.com,555-646-4646,Male,44
Sarah,Perry,sarah.perry@email.com,555-757-5757,Female,30
Logan,Patterson,logan.patterson@email.com,555-868-6868,Male,51
Hannah,Powell,hannah.powell@email.com,555-979-7979,Female,28
Caleb,Barnes,caleb.barnes@email.com,555-080-8080,Male,67
Grace,Washington,grace.washington@email.com,555-191-9191,Female,39
Elijah,Gonzales,elijah.gonzales@email.com,555-202-0202,Male,53
Kayla,Butler,kayla.butler@email.com,555-313-1313,Female,25
Leo,Fisher,leo.fisher@email.com,555-424-2424,Male,48
Brooklyn,Jenkins,brooklyn.jenkins@email.com,555-535-3535,Female,31
Miles,Henderson,miles.henderson@email.com,555-646-4646,Male,63
Savannah,Coleman,savannah.coleman@email.com,555-757-5757,Female,29
Jack,Rogers,jack.rogers@email.com,555-868-6868,Male,47
Audrey,Flores,audrey.flores@email.com,555-979-7979,Female,35
Cameron,Hughes,cameron.hughes@email.com,555-080-8080,Male,56
Gabriella,Hayes,gabriella.hayes@email.com,555-191-9191,Female,20
Tristan,Barnes,tristan.barnes@email.com,555-202-0202,Male,42
Alyssa,James,alyssa.james@email.com,555-313-1313,Female,27
Cole,Perez,cole.perez@email.com,555-424-2424,Male,59
Samantha,Stewart,samantha.stewart@email.com,555-535-3535,Female,33
Carter,Bell,carter.bell@email.com,555-646-4646,Male,50
Allison,Cook,allison.cook@email.com,555-757-5757,Female,24
Easton,Phillips,easton.phillips@email.com,555-868-6868,Male,61
Caroline,Morris,caroline.morris@email.com,555-979-7979,Female,36
Hudson,Reed,hudson.reed@email.com,555-080-8080,Male,45
Bella,Morgan,bella.morgan@email.com,555-191-9191,Female,29
Dominic,Cooper,dominic.cooper@email.com,555-202-0202,Male,54
Genesis,Evans,genesis.evans@email.com,555-313-1313,Female,38
Julian,Jackson,julian.jackson@email.com,555-424-2424,Male,49
Kaylee,Garcia,kaylee.garcia@email.com,555-535-3535,Female,26
Adrian,Robinson,adrian.robinson@email.com,555-646-4646,Male,52
Nevaeh,Turner,nevaeh.turner@email.com,555-757-5757,Female,30
Connor,Davis,connor.davis@email.com,555-868-6868,Male,41
Willow,Martinez,willow.martinez@email.com,555-979-7979,Female,22
Gavin,Moore,gavin.Moore@email.com,555-080-8080,Male,57
Lillian,Ross,lillian.ross@email.com,555-191-9191,Female,34
Josiah,Price,josiah.price@email.com,555-202-0202,Male,46
Anna,Long,anna.long@email.com,555-313-1313,Female,22
Isaac,Foster,isaac.foster@email.com,555-424-2424,Male,58
Julia,Simmons,julia.simmons@email.com,555-535-3535,Female,37
Christian,Russell,christian.russell@email.com,555-646-4646,Male,44
Sarah,Perry,sarah.perry@email.com,555-757-5757,Female,30
Logan,Patterson,logan.patterson@email.com,555-868-6868,Male,51
Hannah,Powell,hannah.powell@email.com,555-979-7979,Female,28
Caleb,Barnes,caleb.barnes@email.com,555-080-8080,Male,67
Grace,Washington,grace.washington@email.com,555-191-9191,Female,39
Elijah,Gonzales,elijah.gonzales@email.com,555-202-0202,Male,53
Kayla,Butler,kayla.butler@email.com,555-313-1313,Female,25
Leo,Fisher,leo.fisher@email.com,555-424-2424,Male,48
Brooklyn,Jenkins,brooklyn.jenkins@email.com,555-535-3535,Female,31
Miles,Henderson,miles.henderson@email.com,555-646-4646,Male,63
Savannah,Coleman,savannah.coleman@email.com,555-757-5757,Female,29
Jack,Rogers,jack.rogers@email.com,555-868-6868,Male,47
Audrey,Flores,audrey.flores@email.com,555-979-7979,Female,35
Cameron,Hughes,cameron.hughes@email.com,555-080-8080,Male,56
Gabriella,Hayes,gabriella.hayes@email.com,555-191-9191,Female,20
Tristan,Barnes,tristan.barnes@email.com,555-202-0202,Male,42
Alyssa,James,alyssa.james@email.com,555-313-1313,Female,27
Cole,Perez,cole.perez@email.com,555-424-2424,Male,59
Samantha,Stewart,samantha.stewart@email.com,555-535-3535,Female,33
Carter,Bell,carter.bell@email.com,555-646-4646,Male,50
Allison,Cook,allison.cook@email.com,555-757-5757,Female,24
Easton,Phillips,easton.phillips@email.com,555-868-6868,Male,61
Caroline,Morris,caroline.morris@email.com,555-979-7979,Female,36
Hudson,Reed,hudson.reed@email.com,555-080-8080,Male,45
Bella,Morgan,bella.morgan@email.com,555-191-9191,Female,29
Dominic,Cooper,dominic.cooper@email.com,555-202-0202,Male,54
Genesis,Evans,genesis.evans@email.com,555-313-1313,Female,38
Julian,Jackson,julian.jackson@email.com,555-424-2424,Male,49
Kaylee,Garcia,kaylee.garcia@email.com,555-535-3535,Female,26
Adrian,Robinson,adrian.robinson@email.com,555-646-4646,Male,52
Nevaeh,Turner,nevaeh.turner@email.com,555-757-5757,Female,30
Connor,Davis,connor.davis@email.com,555-868-6868,Male,41
Willow,Martinez,willow.martinez@email.com,555-979-7979,Female,22
Gavin,Moore,gavin.Moore@email.com,555-080-8080,Male,57
Lillian,Ross,lillian.ross@email.com,555-191-9191,Female,34
Josiah,Price,josiah.price@email.com,555-202-0202,Male,46
Anna,Long,anna.long@email.com,555-313-1313,Female,22
Isaac,Foster,isaac.foster@email.com,555-424-2424,Male,58
Julia,Simmons,julia.simmons@email.com,555-535-3535,Female,37
Christian,Russell,christian.russell@email.com,555-646-4646,Male,44
Sarah,Perry,sarah.perry@email.com,555-757-5757,Female,30
Logan,Patterson,logan.patterson@email.com,555-868-6868,Male,51
Hannah,Powell,hannah.powell@email.com,555-979-7979,Female,28
Caleb,Barnes,caleb.barnes@email.com,555-080-8080,Male,67
Grace,Washington,grace.washington@email.com,555-191-9191,Female,39
Elijah,Gonzales,elijah.gonzales@email.com,555-202-0202,Male,53
Kayla,Butler,kayla.butler@email.com,555-313-1313,Female,25
Leo,Fisher,leo.fisher@email.com,555-424-2424,Male,48
Brooklyn,Jenkins,brooklyn.jenkins@email.com,555-535-3535,Female,31
Miles,Henderson,miles.henderson@email.com,555-646-4646,Male,63
Savannah,Coleman,savannah.coleman@email.com,555-757-5757,Female,29
Jack,Rogers,jack.rogers@email.com,555-868-6868,Male,47
Audrey,Flores,audrey.flores@email.com,555-979-7979,Female,35
Cameron,Hughes,cameron.hughes@email.com,555-080-8080,Male,56
Gabriella,Hayes,gabriella.hayes@email.com,555-191-9191,Female,20
Tristan,Barnes,tristan.barnes@email.com,555-202-0202,Male,42
Alyssa,James,alyssa.james@email.com,555-313-1313,Female,27
Cole,Perez,cole.perez@email.com,555-424-2424,Male,59
Samantha,Stewart,samantha.stewart@email.com,555-535-3535,Female,33
Carter,Bell,carter.bell@email.com,555-646-4646,Male,50
Allison,Cook,allison.cook@email.com,555-757-5757,Female,24
Easton,Phillips,easton.phillips@email.com,555-868-6868,Male,61
Caroline,Morris,caroline.morris@email.com,555-979-7979,Female,36
Hudson,Reed,hudson.reed@email.com,555-080-8080,Male,45
Bella,Morgan,bella.morgan@email.com,555-191-9191,Female,29
Dominic,Cooper,dominic.cooper@email.com,555-202-0202,Male,54
Genesis,Evans,genesis.evans@email.com,555-313-1313,Female,38
Julian,Jackson,julian.jackson@email.com,555-424-2424,Male,49
Kaylee,Garcia,kaylee.garcia@email.com,555-535-3535,Female,26
Adrian,Robinson,adrian.robinson@email.com,555-646-4646,Male,52
Nevaeh,Turner,nevaeh.turner@email.com,555-757-5757,Female,30
Connor,Davis,connor.davis@email.com,555-868-6868,Male,41
Willow,Martinez,willow.martinez@email.com,555-979-7979,Female,22
Gavin,Moore,gavin.Moore@email.com,555-080-8080,Male,57
Lillian,Ross,lillian.ross@email.com,555-191-9191,Female,34
Josiah,Price,josiah.price@email.com,555-202-0202,Male,46
Anna,Long,anna.long@email.com,555-313-1313,Female,22
Isaac,Foster,isaac.foster@email.com,555-424-2424,Male,58
Julia,Simmons,julia.simmons@email.com,555-535-3535,Female,37
Christian,Russell,christian.russell@email.com,555-646-4646,Male,44
Sarah,Perry,sarah.perry@email.com,555-757-5757,Female,30
Logan,Patterson,logan.patterson@email.com,555-868-6868,Male,51
Hannah,Powell,hannah.powell@email.com,555-979-7979,Female,28
Caleb,Barnes,caleb.barnes@email.com,555-080-8080,Male,67
Grace,Washington,grace.washington@email.com,555-191-9191,Female,39
Elijah,Gonzales,elijah.gonzales@email.com,555-202-0202,Male,53
Kayla,Butler,kayla.butler@email.com,555-313-1313,Female,25
Leo,Fisher,leo.fisher@email.com,555-424-2424,Male,48
Brooklyn,Jenkins,brooklyn.jenkins@email.com,555-535-3535,Female,31
Miles,Henderson,miles.henderson@email.com,555-646-4646,Male,63
Savannah,Coleman,savannah.coleman@email.com,555-757-5757,Female,29
Jack,Rogers,jack.rogers@email.com,555-868-6868,Male,47
Audrey,Flores,audrey.flores@email.com,555-979-7979,Female,35
Cameron,Hughes,cameron.hughes@email.com,555-080-8080,Male,56
Gabriella,Hayes,gabriella.hayes@email.com,555-191-9191,Female,20
Tristan,Barnes,tristan.barnes@email.com,555-202-0202,Male,42
Alyssa,James,alyssa.james@email.com,555-313-1313,Female,27
Cole,Perez,cole.perez@email.com,555-424-2424,Male,59
Samantha,Stewart,samantha.stewart@email.com,555-535-3535,Female,33
Carter,Bell,carter.bell@email.com,555-646-4646,Male,50
Allison,Cook,allison.cook@email.com,555-757-5757,Female,24
Easton,Phillips,easton.phillips@email.com,555-868-6868,Male,61
Caroline,Morris,caroline.morris@email.com,555-979-7979,Female,36
Hudson,Reed,hudson.reed@email.com,555-080-8080,Male,45
Bella,Morgan,bella.morgan@email.com,555-191-9191,Female,29
Dominic,Cooper,dominic.cooper@email.com,555-202-0202,Male,54
Genesis,Evans,genesis.evans@email.com,555-313-1313,Female,38
Julian,Jackson,julian.jackson@email.com,555-424-2424,Male,49
Kaylee,Garcia,kaylee.garcia@email.com,555-535-3535,Female,26
Adrian,Robinson,adrian.robinson@email.com,555-646-4646,Male,52
Nevaeh,Turner,nevaeh.turner@email.com,555-757-5757,Female,30
Connor,Davis,connor.davis@email.com,555-868-6868,Male,41
Willow,Martinez,willow.martinez@email.com,555-979-7979,Female,22
Gavin,Moore,gavin.Moore@email.com,555-080-8080,Male,57
Lillian,Ross,lillian.ross@email.com,555-191-9191,Female,34
Josiah,Price,josiah.price@email.com,555-202-0202,Male,46
Anna,Long,anna.long@email.com,555-313-1313,Female,22
Isaac,Foster,isaac.foster@email.com,555-424-2424,Male,58
Julia,Simmons,julia.simmons@email.com,555-535-3535,Female,37
Christian,Russell,christian.russell@email.com,555-646-4646,Male,44
Sarah,Perry,sarah.perry@email.com,555-757-5757,Female,30
Logan,Patterson,logan.patterson@email.com,555-868-6868,Male,51
Hannah,Powell,hannah.powell@email.com,555-979-7979,Female,28
Caleb,Barnes,caleb.barnes@email.com,555-080-8080,Male,67
Grace,Washington,grace.washington@email.com,555-191-9191,Female,39
Elijah,Gonzales,elijah.gonzales@email.com,555-202-0202,Male,53
Kayla,Butler,kayla.butler@email.com,555-313-1313,Female,25
Leo,Fisher,leo.fisher@email.com,555-424-2424,Male,48
Brooklyn,Jenkins,brooklyn.jenkins@email.com,555-535-3535,Female,31
Miles,Henderson,miles.henderson@email.com,555-646-4646,Male,63
Savannah,Coleman,savannah.coleman@email.com,555-757-5757,Female,29
Jack,Rogers,jack.rogers@email.com,555-868-6868,Male,47
Audrey,Flores,audrey.flores@email.com,555-979-7979,Female,35
Cameron,Hughes,cameron.hughes@email.com,555-080-8080,Male,56
Gabriella,Hayes,gabriella.hayes@email.com,555-191-9191,Female,20
Tristan,Barnes,tristan.barnes@email.com,555-202-0202,Male,42
Alyssa,James,alyssa.james@email.com,555-313-1313,Female,27
Cole,Perez,cole.perez@email.com,555-424-2424,Male,59
Samantha,Stewart,samantha.stewart@email.com,555-535-3535,Female,33
Carter,Bell,carter.bell@email.com,555-646-4646,Male,50
Allison,Cook,allison.cook@email.com,555-757-5757,Female,24
Easton,Phillips,easton.phillips@email.com,555-868-6868,Male,61
Caroline,Morris,caroline.morris@email.com,555-979-7979,Female,36
Hudson,Reed,hudson.reed@email.com,555-080-8080,Male,45
Bella,Morgan,bella.morgan@email.com,555-191-9191,Female,29
Dominic,Cooper,dominic.cooper@email.com,555-202-0202,Male,54
Genesis,Evans,genesis.evans@email.com,555-313-1313,Female,38
Julian,Jackson,julian.jackson@email.com,555-424-2424,Male,49
Kaylee,Garcia,kaylee.garcia@email.com,555-535-3535,Female,26
Adrian,Robinson,adrian.robinson@email.com,555-646-4646,Male,52
Nevaeh,Turner,nevaeh.turner@email.com,555-757-5757,Female,30
Connor,Davis,connor.davis@email.com,555-868-6868,Male,41
Willow,Martinez,willow.martinez@email.com,555-979-7979,Female,22
Gavin,Moore,gavin.Moore@email.com,555-080-8080,Male,57
Lillian,Ross,lillian.ross@email.com,555-191-9191,Female,34
Josiah,Price,josiah.price@email.com,555-202-0202,Male,46
Anna,Long,anna.long@email.com,555-313-1313,Female,22
Isaac,Foster,isaac.foster@email.com,555-424-2424,Male,58
Julia,Simmons,julia.simmons@email.com,555-535-3535,Female,37
Christian,Russell,christian.russell@email.com,555-646-4646,Male,44
Sarah,Perry,sarah.perry@email.com,555-757-5757,Female,30
Logan,Patterson,logan.patterson@email.com,555-868-6868,Male,51
Hannah,Powell,hannah.powell@email.com,555-979-7979,Female,28
Caleb,Barnes,caleb.barnes@email.com,555-080-8080,Male,67
Grace,Washington,grace.washington@email.com,555-191-9191,Female,39
Elijah,Gonzales,elijah.gonzales@email.com,555-202-0202,Male,53
Kayla,Butler,kayla.butler@email.com,555-313-1313,Female,25
Leo,Fisher,leo.fisher@email.com,555-424-2424,Male,48
Brooklyn,Jenkins,brooklyn.jenkins@email.com,555-535-3535,Female,31
Miles,Henderson,miles.henderson@email.com,555-646-4646,Male,63
Savannah,Coleman,savannah.coleman@email.com,555-757-5757,Female,29
Jack,Rogers,jack.rogers@email.com,555-868-6868,Male,47
Audrey,Flores,audrey.flores@email.com,555-979-7979,Female,35
Cameron,Hughes,cameron.hughes@email.com,555-080-8080,Male,56
Gabriella,Hayes,gabriella.hayes@email.com,555-191-9191,Female,20
Tristan,Barnes,tristan.barnes@email.com,555-202-0202,Male,42
Alyssa,James,alyssa.james@email.com,555-313-1313,Female,27
Cole,Perez,cole.perez@email.com,555-424-2424,Male,59
Samantha,Stewart,samantha.stewart@email.com,555-535-3535,Female,33
Carter,Bell,carter.bell@email.com,555-646-4646,Male,50
Allison,Cook,allison.cook@email.com,555-757-5757,Female,24
Easton,Phillips,easton.phillips@email.com,555-868-6868,Male,61
Caroline,Morris,caroline.morris@email.com,555-979-7979,Female,36
Hudson,Reed,hudson.reed@email.com,555-080-8080,Male,45
Bella,Morgan,bella.morgan@email.com,555-191-9191,Female,29
Dominic,Cooper,dominic.cooper@email.com,555-202-0202,Male,54
Genesis,Evans,genesis.evans@email.com,555-313-1313,Female,38
Julian,Jackson,julian.jackson@email.com,555-424-2424,Male,49
Kaylee,Garcia,kaylee.garcia@email.com,555-535-3535,Female,26
Adrian,Robinson,adrian.robinson@email.com,555-646-4646,Male,52
Nevaeh,Turner,nevaeh.turner@email.com,555-757-5757,Female,30
Connor,Davis,connor.davis@email.com,555-868-6868,Male,41
Willow,Martinez,willow.martinez@email.com,555-979-7979,Female,22
Gavin,Moore,gavin.Moore@email.com,555-080-8080,Male,57
Lillian,Ross,lillian.ross@email.com,555-191-9191,Female,34
Josiah,Price,josiah.price@email.com,555-202-0202,Male,46
Anna,Long,anna.long@email.com,555-313-1313,Female,22
Isaac,Foster,isaac.foster@email.com,555-424-2424,Male,58
Julia,Simmons,julia.simmons@email.com,555-535-3535,Female,37
Christian,Russell,christian.russell@email.com,555-646-4646,Male,44
Sarah,Perry,sarah.perry@email.com,555-757-5757,Female,30
Logan,Patterson,logan.patterson@email.com,555-868-6868,Male,51
Hannah,Powell,hannah.powell@email.com,555-979-7979,Female,28
Caleb,Barnes,caleb.barnes@email.com,555-080-8080,Male,67
Grace,Washington,grace.washington@email.com,555-191-9191,Female,39
Elijah,Gonzales,elijah.gonzales@email.com,555-202-0202,Male,53
Kayla,Butler,kayla.butler@email.com,555-313-1313,Female,25
Leo,Fisher,leo.fisher@email.com,555-424-2424,Male,48
Brooklyn,Jenkins,brooklyn.jenkins@email.com,555-535-3535,Female,31
Miles,Henderson,miles.henderson@email.com,555-646-4646,Male,63
Savannah,Coleman,savannah.coleman@email.com,555-757-5757,Female,29
Jack,Rogers,jack.rogers@email.com,555-868-6868,Male,47
Audrey,Flores,audrey.flores@email.com,555-979-7979,Female,35
Cameron,Hughes,cameron.hughes@email.com,555-080-8080,Male,56
Gabriella,Hayes,gabriella.hayes@email.com,555-191-9191,Female,20
Tristan,Barnes,tristan.barnes@email.com,555-202-0202,Male,42
Alyssa,James,alyssa.james@email.com,555-313-1313,Female,27
Cole,Perez,cole.perez@email.com,555-424-2424,Male,59
Samantha,Stewart,samantha.stewart@email.com,555-535-3535,Female,33
Carter,Bell,carter.bell@email.com,555-646-4646,Male,50
Allison,Cook,allison.cook@email.com,555-757-5757,Female,24
Easton,Phillips,easton.phillips@email.com,555-868-6868,Male,61
Caroline,Morris,caroline.morris@email.com,555-979-7979,Female,36
Hudson,Reed,hudson.reed@email.com,555-080-8080,Male,45
Bella,Morgan,bella.morgan@email.com,555-191-9191,Female,29
Dominic,Cooper,dominic.cooper@email.com,555-202-0202,Male,54
Genesis,Evans,genesis.evans@email.com,555-313-1313,Female,38
Julian,Jackson,julian.jackson@email.com,555-424-2424,Male,49
Kaylee,Garcia,kaylee.garcia@email.com,555-535-3535,Female,26
Adrian,Robinson,adrian.robinson@email.com,555-646-4646,Male,52
Nevaeh,Turner,nevaeh.turner@email.com,555-757-5757,Female,30
Connor,Davis,connor.davis@email.com,555-868-6868,Male,41
Willow,Martinez,willow.martinez@email.com,555-979-7979,Female,22
Gavin,Moore,gavin.Moore@email.com,555-080-8080,Male,57
Lillian,Ross,lillian.ross@email.com,555-191-9191,Female,34
Josiah,Price,josiah.price@email.com,555-202-0202,Male,46
Anna,Long,anna.long@email.com,555-313-1313,Female,22
Isaac,Foster,isaac.foster@email.com,555-424-2424,Male,58
Julia,Simmons,julia.simmons@email.com,555-535-3535,Female,37
Christian,Russell,christian.russell@email.com,555-646-4646,Male,44
Sarah,Perry,sarah.perry@email.com,555-757-5757,Female,30
Logan,Patterson,logan.patterson@email.com,555-868-6868,Male,51
Hannah,Powell,hannah.powell@email.com,555-979-7979,Female,28
Caleb,Barnes,caleb.barnes@email.com,555-080-8080,Male,67
Grace,Washington,grace.washington@email.com,555-191-9191,Female,39
Elijah,Gonzales,elijah.gonzales@email.com,555-202-0202,Male,53
Kayla,Butler,kayla.butler@email.com,555-313-1313,Female,25
Leo,Fisher,leo.fisher@email.com,555-424-2424,Male,48
Brooklyn,Jenkins,brooklyn.jenkins@email.com,555-535-3535,Female,31
Miles,Henderson,miles.henderson@email.com,555-646-4646,Male,63
Savannah,Coleman,savannah.coleman@email.com,555-757-5757,Female,29
Jack,Rogers,jack.rogers@email.com,555-868-6868,Male,47
Audrey,Flores,audrey.flores@email.com,555-979-7979,Female,35
Cameron,Hughes,cameron.hughes@email.com,555-080-8080,Male,56
Gabriella,Hayes,gabriella.hayes@email.com,555-191-9191,Female,20
Tristan,Barnes,tristan.barnes@email.com,555-202-0202,Male,42
Alyssa,James,alyssa.james@email.com,555-313-1313,Female,27
Cole,Perez,cole.perez@email.com,555-424-2424,Male,59
Samantha,Stewart,samantha.stewart@email.com,555-535-3535,Female,33
Carter,Bell,carter.bell@email.com,555-646-4646,Male,50
Allison,Cook,allison.cook@email.com,555-757-5757,Female,24
Easton,Phillips,easton.phillips@email.com,555-868-6868,Male,61
Caroline,Morris,caroline.morris@email.com,555-979-7979,Female,36